วัดพระเชตุพนวิมลมังคลาราม,กรุงเทพมหานคร
วัดมหาธาตุยุวราชรังสฤษฎิ์,กรุงเทพมหานคร
วัดพระเชตุพนวิมลมังคลาราม,กรุงเทพมหานคร
วัดทิพย์วารีวิหาร,กรุงเทพมหานคร
วัดราชบุรณะ,กรุงเทพมหานคร
วัดสุทัศนเทพวราราม,กรุงเทพมหานคร
วัดเทพธิดาราม,กรุงเทพมหานคร
วัดมหรรณพาราม,กรุงเทพมหานคร
วัดราชนัดดาราม,กรุงเทพมหานคร
วัดชนะสงคราม,กรุงเทพมหานคร
วัดปรินายก,กรุงเทพมหานคร
วัดใหม่อมตรส,กรุงเทพมหานคร
วัดเอี่ยมวรนุช,กรุงเทพมหานคร
วัดอินทรวิหาร,กรุงเทพมหานคร
วัดสังเวชวิศยาราม,กรุงเทพมหานคร
วัดสามพระยา,กรุงเทพมหานคร
วัดเบญจมบพิตรดุสิตวนาราม,กรุงเทพมหานคร
วัดโบสถ์,กรุงเทพมหานคร
วัดเทวราชกุญชร,กรุงเทพมหานคร
วัดประสาทบุญญาวาส,กรุงเทพมหานคร
วัดสุคันธาราม,กรุงเทพมหานคร
วัดแก้วฟ้าจุฬามณี,กรุงเทพมหานคร
วัดจอมสุดาราม,กรุงเทพมหานคร
วัดจันทรสโมสร,กรุงเทพมหานคร
วัดธรรมาภิรตาราม,กรุงเทพมหานคร
วัดน้อยนพคุณ,กรุงเทพมหานคร
วัดประชาระบือธรรม,กรุงเทพมหานคร
วัดสวัสดิ์วารีสีมาราม,กรุงเทพมหานคร
วัดใหม่ทองเสน,กรุงเทพมหานคร
วัดอัมพวัน,กรุงเทพมหานคร
วัดกระทุ่มราย,กรุงเทพมหานคร
วัดหนองจอก,กรุงเทพมหานคร
วัดสีชมพู,กรุงเทพมหานคร
วัดนารีราษฎร์ประดิษฐ์,กรุงเทพมหานคร
วัดประยงค์กิตติวนาราม,กรุงเทพมหานคร
วัดแสนเกษม,กรุงเทพมหานคร
วัดใหม่เจริญราษฎร์,กรุงเทพมหานคร
วัดทรัพย์สโมสรนิกรเกษม,กรุงเทพมหานคร
วัดสามง่าม,กรุงเทพมหานคร
วัดลำพะอง,กรุงเทพมหานคร
วัดอู่ตะเภา,กรุงเทพมหานคร
วัดราษฎร์บำรุง,กรุงเทพมหานคร
วัดลำต้อยติ่ง,กรุงเทพมหานคร
วัดลำวังคาสุทธาวาส,กรุงเทพมหานคร
วัดใหม่กระทุ่มล้ม,กรุงเทพมหานคร
วัดแก้วแจ่มฟ้า,กรุงเทพมหานคร
วัดมหาพฤฒาราม,กรุงเทพมหานคร
วัดม่วงแค,กรุงเทพมหานคร
วัดสวนพลู,กรุงเทพมหานคร
วัดหัวลำโพง,กรุงเทพมหานคร
วัดไตรรัตนาราม,กรุงเทพมหานคร
วัดบางบัว,กรุงเทพมหานคร
วัดศิริพงษ์ธรรมนิมิต,กรุงเทพมหานคร
วัดกลาง,กรุงเทพมหานคร
วัดจันทวงศาราม,กรุงเทพมหานคร
วัดจันทวงศาราม (กลาง),กรุงเทพมหานคร
วัดบึงทองหลาง,กรุงเทพมหานคร
วัดเทพลีลา,กรุงเทพมหานคร
วัดพระไกรสีห์,กรุงเทพมหานคร
วัดศรีบุญเรือง,กรุงเทพมหานคร
วัดชัยมงคล,กรุงเทพมหานคร
วัดชำนิหัตถการ,กรุงเทพมหานคร
วัดสระบัว,กรุงเทพมหานคร
วัดคณิกาผล,กรุงเทพมหานคร
วัดพลับพลาชัย,กรุงเทพมหานคร
วัดดิสานุการาม,กรุงเทพมหานคร
วัดเทวีวรญาติ,กรุงเทพมหานคร
วัดสิตาราม,กรุงเทพมหานคร
วัดพระพิเรนทร์,กรุงเทพมหานคร
วัดสระเกศ,กรุงเทพมหานคร
วัดสุนทรธรรมทาน,กรุงเทพมหานคร
วัดบุญรอดธรรมาราม,กรุงเทพมหานคร
วัดราษฎร์ศรัทธาธรรม,กรุงเทพมหานคร
วัดวชิรธรรมสาธิต,กรุงเทพมหานคร
วัดบางเพ็งใต้,กรุงเทพมหานคร
วัดบำเพ็ญเหนือ,กรุงเทพมหานคร
วัดแสนสุข,กรุงเทพมหานคร
วัดทองสัมฤทธิ์,กรุงเทพมหานคร
วัดศรีกุเรชา,กรุงเทพมหานคร
วัดใหม่ลำนกแขวก,กรุงเทพมหานคร
วัดปลูกศรัทธา,กรุงเทพมหานคร
วัดลาดกระบัง,กรุงเทพมหานคร
วัดลานบุญ,กรุงเทพมหานคร
วัดสังฆราชา,กรุงเทพมหานคร
วัดปากบึง,กรุงเทพมหานคร
วัดบำรุงรื่น,กรุงเทพมหานคร
วัดบึงบัว,กรุงเทพมหานคร
วัดอุทัยธรรมาราม,กรุงเทพมหานคร
วัดพลมานีย์,กรุงเทพมหานคร
วัดสุทธาโภชน์,กรุงเทพมหานคร
วัดขุมทอง,กรุงเทพมหานคร
วัดราชโกษา,กรุงเทพมหานคร
วัดวชิรธรรมาวาส,กรุงเทพมหานคร
วัดคลองภูมิ,กรุงเทพมหานคร
วัดคลองใหม่,กรุงเทพมหานคร
วัดช่องนนทรี,กรุงเทพมหานคร
วัดช่องลม,กรุงเทพมหานคร
วัดดอกไม้,กรุงเทพมหานคร
วัดด่าน,กรุงเทพมหานคร
วัดทองบน,กรุงเทพมหานคร
วัดปริวาศ,กรุงเทพมหานคร
วัดจักรวรรดิราชาวาส,กรุงเทพมหานคร
วัดบพิตรพิมุข,กรุงเทพมหานคร
วัดชัยชนะสงคราม,กรุงเทพมหานคร
วัดปทุมคงคา,กรุงเทพมหานคร
วัดไตรมิตรวิทยาราม,กรุงเทพมหานคร
วัดไผ่ตัน,กรุงเทพมหานคร
วัดกัลยาณมิตร,กรุงเทพมหานคร
วัดประยุรวงศาวาส,กรุงเทพมหานคร
วัดบางไส้ไก่,กรุงเทพมหานคร
วัดประดิษฐาราม,กรุงเทพมหานคร
วัดหิรัญรูจี,กรุงเทพมหานคร
วัดใหญ่ศรีสุพรรณ,กรุงเทพมหานคร
วัดจันทาราม,กรุงเทพมหานคร
วัดโพธินิมิตรสถิตมหาสีมาราม,กรุงเทพมหานคร
วัดราชคฤห์,กรุงเทพมหานคร
วัดเวฬุราชิณ,กรุงเทพมหานคร
วัดอินทาราม,กรุงเทพมหานคร
วัดกระจับพินิจ,กรุงเทพมหานคร
วัดกลางดาวคนอง,กรุงเทพมหานคร
วัดดาวคนอง,กรุงเทพมหานคร
วัดบางน้ำชน,กรุงเทพมหานคร
วัดบุคคโล,กรุงเทพมหานคร
วัดราชวรินทร์,กรุงเทพมหานคร
วัดสันติธรรมาราม,กรุงเทพมหานคร
วัดสุทธาวาส,กรุงเทพมหานคร
วัดกันตทาราราม,กรุงเทพมหานคร
วัดบางสะแกนอก,กรุงเทพมหานคร
วัดบางสะแกใน,กรุงเทพมหานคร
วัดวรามาตยภัณฑสาราราม,กรุงเทพมหานคร
วัดใหม่ยายนุ้ย,กรุงเทพมหานคร
วัดนาคกลาง,กรุงเทพมหานคร
วัดโมลีโลกยาราม,กรุงเทพมหานคร
วัดราชสิทธาราม,กรุงเทพมหานคร
วัดหงส์รัตนาราม,กรุงเทพมหานคร
วัดใหม่พิเรนทร์,กรุงเทพมหานคร
วัดอรุณราชวราราม,กรุงเทพมหานคร
วัดเจ้ามูล,กรุงเทพมหานคร
วัดดีดวด,กรุงเทพมหานคร
วัดท่าพระ,กรุงเทพมหานคร
วัดประดู่ฉิมพลี,กรุงเทพมหานคร
วัดประดู่ในทรงธรรม,กรุงเทพมหานคร
วัดสังข์กระจาย,กรุงเทพมหานคร
วัดใหม่ช่องลม,กรุงเทพมหานคร
วัดอุทัยธาราม,กรุงเทพมหานคร
วัดพิชยญาติการาม,กรุงเทพมหานคร
วัดอนงคาราม,กรุงเทพมหานคร
วัดทองธรรมชาติ,กรุงเทพมหานคร
วัดทองนพคุณ,กรุงเทพมหานคร
วัดเศวตฉัตร,กรุงเทพมหานคร
วัดสุทธาราม,กรุงเทพมหานคร
วัดทองเพลง,กรุงเทพมหานคร
วัดสุวรรณ,กรุงเทพมหานคร
วัดกาญจนสิงหาสน์,กรุงเทพมหานคร
วัดช่างเหล็ก,กรุงเทพมหานคร
วัดตลิ่งชัน,กรุงเทพมหานคร
วัดปากน้ำฝั่งเหนือ,กรุงเทพมหานคร
วัดรัชฎาธิษฐาน,กรุงเทพมหานคร
วัดเรไร,กรุงเทพมหานคร
วัดไก่เตี้ย,กรุงเทพมหานคร
วัดชัยพฤกษมาลา,กรุงเทพมหานคร
วัดนครป่าหมาก,กรุงเทพมหานคร
วัดน้อยใน,กรุงเทพมหานคร
วัดกระจัง,กรุงเทพมหานคร
วัดทอง,กรุงเทพมหานคร
วัดทอง (บางระมาด),กรุงเทพมหานคร
วัดพุทธจักรมงคลชยาราม,กรุงเทพมหานคร
วัดมณฑป,กรุงเทพมหานคร
วัดสมรโกฎิ,กรุงเทพมหานคร
วัดสมรโกฏิ,กรุงเทพมหานคร
วัดกระโจมทอง,กรุงเทพมหานคร
วัดแก้ว,กรุงเทพมหานคร
วัดเทพพล,กรุงเทพมหานคร
วัดประสาท,กรุงเทพมหานคร
วัดเพลง,กรุงเทพมหานคร
วัดเพลง (กลางสวน),กรุงเทพมหานคร
วัดศิริวัฒนาราม,กรุงเทพมหานคร
วัดสะพาน,กรุงเทพมหานคร
วัดโคกพระเถร,กรุงเทพมหานคร
วัดจำปา,กรุงเทพมหานคร
วัดตะเข้ (โคกพระเถร),กรุงเทพมหานคร
วัดตะเข้,กรุงเทพมหานคร
วัดโพธิ์,กรุงเทพมหานคร
วัดมะกอก,กรุงเทพมหานคร
วัดอินทราวาส,กรุงเทพมหานคร
วัดโพธิ์ราม,กรุงเทพมหานคร
วัดเกาะ,กรุงเทพมหานคร
วัดทอง,กรุงเทพมหานคร
วัดทอง (บางเชือกหนัง),กรุงเทพมหานคร
วัดพิกุล,กรุงเทพมหานคร
วัดฉิมทายกาวาส,กรุงเทพมหานคร
วัดระฆังโฆสิตาราม,กรุงเทพมหานคร
วัดวิเศษการ,กรุงเทพมหานคร
วัดสุวรรณาราม,กรุงเทพมหานคร
วัดอมรินทราราม,กรุงเทพมหานคร
วัดครุฑ,กรุงเทพมหานคร
วัดชิโนรสาราม,กรุงเทพมหานคร
วัดดงมูลเหล็ก,กรุงเทพมหานคร
วัดพระยาทำ,กรุงเทพมหานคร
วัดโพธิ์เรียง,กรุงเทพมหานคร
วัดยางสุทธาราม,กรุงเทพมหานคร
วัดลครทำ,กรุงเทพมหานคร
วัดสีหไกรสร,กรุงเทพมหานคร
วัดสุทธาวาส,กรุงเทพมหานคร
วัดอมรทายิการาม,กรุงเทพมหานคร
วัดอัมพวา,กรุงเทพมหานคร
วัดเจ้าอาม,กรุงเทพมหานคร
วัดไชยทิศ,กรุงเทพมหานคร
วัดบางขุนนนท์,กรุงเทพมหานคร
วัดภาวนาภิรตาราม,กรุงเทพมหานคร
วัดศรีสุดาราม,กรุงเทพมหานคร
วัดใหม่ยายแป้น,กรุงเทพมหานคร
วัดใหม่,กรุงเทพมหานคร
วัดบางเสาธง,กรุงเทพมหานคร
วัดเพลงวิปัสสนา,กรุงเทพมหานคร
วัดมะลิ,กรุงเทพมหานคร
วัดรวกสุทธาราม,กรุงเทพมหานคร
วัดดุสิดาราม,กรุงเทพมหานคร
วัดนายโรง,กรุงเทพมหานคร
วัดบางบำหรุ,กรุงเทพมหานคร
วัดปฐมบุตรอิศราราม,กรุงเทพมหานคร
วัดปฐมบุตรอิศราราม (ปฐมบุตรอิสราราม),กรุงเทพมหานคร
วัดปฐมบุตรอิสราราม,กรุงเทพมหานคร
วัดสุวรรณคีรี,กรุงเทพมหานคร
วัดกก,กรุงเทพมหานคร
วัดธรรมคุณาราม,กรุงเทพมหานคร
วัดบัวผัน,กรุงเทพมหานคร
วัดปทีปพลีผล,กรุงเทพมหานคร
วัดประชาบำรุง,กรุงเทพมหานคร
วัดเลา,กรุงเทพมหานคร
วัดหัวกระบือ,กรุงเทพมหานคร
วัดกำแพง,กรุงเทพมหานคร
วัดแทนวันดีสุขาราม,กรุงเทพมหานคร
วัดบางกระดี่,กรุงเทพมหานคร
วัดพรหมรังษี,กรุงเทพมหานคร
วัดสะแกงาม,กรุงเทพมหานคร
วัดสุธรรมวดี,กรุงเทพมหานคร
วัดแสมดำ,กรุงเทพมหานคร
วัดแทนวันดีเจริญสุข,กรุงเทพมหานคร
วัดโคนอน,กรุงเทพมหานคร
วัดนิมมานรดี,กรุงเทพมหานคร
วัดรางบัว,กรุงเทพมหานคร
วัดอ่างแก้ว,กรุงเทพมหานคร
วัดจันทร์ประดิษฐาราม,กรุงเทพมหานคร
วัดกำแพง,กรุงเทพมหานคร
วัดชัยฉิมพลี,กรุงเทพมหานคร
วัดตะโน,กรุงเทพมหานคร
วัดโตนด,กรุงเทพมหานคร
วัดโบสถ์อินทรสารเพชร,กรุงเทพมหานคร
วัดตะล่อม,กรุงเทพมหานคร
วัดมะพร้าวเตี้ย,กรุงเทพมหานคร
วัดกำแพง,กรุงเทพมหานคร
วัดกำแพงบางจาก,กรุงเทพมหานคร
วัดทองศาลางาม,กรุงเทพมหานคร
วัดนวลนรดิศ,กรุงเทพมหานคร
วัดนาคปรก,กรุงเทพมหานคร
วัดนางชี,กรุงเทพมหานคร
วัดประดู่บางจาก,กรุงเทพมหานคร
วัดปากน้ำ,กรุงเทพมหานคร
วัดเพลง,กรุงเทพมหานคร
วัดอัปสรสวรรค์,กรุงเทพมหานคร
วัดคูหาสวรรค์,กรุงเทพมหานคร
วัดนก,กรุงเทพมหานคร
วัดบางแวก,กรุงเทพมหานคร
วัดปากน้ำฝั่งใต้,กรุงเทพมหานคร
วัดยางบางจาก,กรุงเทพมหานคร
วัดวิจิตรการนิมิตร,กรุงเทพมหานคร
วัดศรีนวล,กรุงเทพมหานคร
วัดศรีนวลธรรมวิมล,กรุงเทพมหานคร
วัดหนองแขม,กรุงเทพมหานคร
วัดหลักสาม,กรุงเทพมหานคร
วัดไผ่เลี้ยง,กรุงเทพมหานคร
วัดวงษ์ลาภาราม,กรุงเทพมหานคร
วัดอุดมรังสี,กรุงเทพมหานคร
วัดแจงร้อน,กรุงเทพมหานคร
วัดสน,กรุงเทพมหานคร
วัดสารอด,กรุงเทพมหานคร
วัดเกียรติประดิษฐ์,กรุงเทพมหานคร
วัดบางปะกอก,กรุงเทพมหานคร
วัดประเสริฐสุทธาวาส,กรุงเทพมหานคร
วัดราษฎร์บูรณะ,กรุงเทพมหานคร
วัดเทพนารี,กรุงเทพมหานคร
วัดเทพากร,กรุงเทพมหานคร
วัดบางพลัด,กรุงเทพมหานคร
วัดเพลง,กรุงเทพมหานคร
วัดภาณุรังษี,กรุงเทพมหานคร
วัดสิงห์,กรุงเทพมหานคร
วัดฉัตรแก้วจงกลณี,กรุงเทพมหานคร
วัดวิมุตยาราม,กรุงเทพมหานคร
วัดรวกบางบำหรุ,กรุงเทพมหานคร
วัดคฤหบดี,กรุงเทพมหานคร
วัดจตุรมิตรประดิษฐาราม,กรุงเทพมหานคร
วัดดาวดึงษาราม,กรุงเทพมหานคร
วัดทอง,กรุงเทพมหานคร
วัดน้อยนางหงษ์,กรุงเทพมหานคร
วัดบางยี่ขัน,กรุงเทพมหานคร
วัดเปาโรหิตย์,กรุงเทพมหานคร
วัดพระยาศิริไอยสวรรค์,กรุงเทพมหานคร
วัดภคินีนาถ,กรุงเทพมหานคร
วัดใหม่เทพนิมิตร,กรุงเทพมหานคร
วัดอมรคีรี,กรุงเทพมหานคร
วัดกุนนทีรุทธาราม,กรุงเทพมหานคร
วัดพรหมวงศาราม,กรุงเทพมหานคร
วัดนวลจันทร์,กรุงเทพมหานคร
วัดบางเตย,กรุงเทพมหานคร
วัดพิชัย,กรุงเทพมหานคร
วัดสุวรรณประสิทธิ์,กรุงเทพมหานคร
วัดบรมสถล,กรุงเทพมหานคร
วัดยานนาวา,กรุงเทพมหานคร
วัดลุ่มเจริญศรัทธา,กรุงเทพมหานคร
วัดสุทธิวราราม,กรุงเทพมหานคร
วัดทองสุทธาราม,กรุงเทพมหานคร
วัดบางโพโอมาวาส,กรุงเทพมหานคร
วัดประชาศรัทธาธรรม,กรุงเทพมหานคร
วัดประดู่ธรรมาธิปัตย์,กรุงเทพมหานคร
วัดเลียบราษฎร์บำรุง,กรุงเทพมหานคร
วัดเวตวันธรรมาวาส,กรุงเทพมหานคร
วัดสร้อยทอง,กรุงเทพมหานคร
วัดเทวสุนทร,กรุงเทพมหานคร
วัดเสมียนนารี,กรุงเทพมหานคร
วัดลาดบัวขาว,กรุงเทพมหานคร
วัดอินทร์บรรจงทรงวาดราษฎร์บำรุง,กรุงเทพมหานคร
วัดราชสิงขร,กรุงเทพมหานคร
วัดวรจรรยาวาส,กรุงเทพมหานคร
วัดจันทร์นอก,กรุงเทพมหานคร
วัดจันทร์ใน,กรุงเทพมหานคร
วัดไทร,กรุงเทพมหานคร
วัดบางโคล่นอก,กรุงเทพมหานคร
วัดไผ่เงินโชตนาราม,กรุงเทพมหานคร
วัดเรืองยศสุทธาราม,กรุงเทพมหานคร
วัดกระทุ่ม,กรุงเทพมหานคร
วัดตะกล่ำ,กรุงเทพมหานคร
วัดชมทองผินถวิลอุปถัมภ์,กรุงเทพมหานคร
วัดทุ่งลานนา (ชมทองผินถวิลอุปถัมภ์),กรุงเทพมหานคร
วัดทุ่งลานนา,กรุงเทพมหานคร
วัดทุ่งเศรษฐี,กรุงเทพมหานคร
วัดคลองเตยนอก,กรุงเทพมหานคร
วัดคลองเตยใน,กรุงเทพมหานคร
วัดขจรศิริ,กรุงเทพมหานคร
วัดต้นไทรย์,กรุงเทพมหานคร
วัดใต้,กรุงเทพมหานคร
วัดทองใน,กรุงเทพมหานคร
วัดปากบ่อ,กรุงเทพมหานคร
วัดสะพาน,กรุงเทพมหานคร
วัดขจรศิริ,กรุงเทพมหานคร
วัดต้นไทรย์,กรุงเทพมหานคร
วัดทองใน,กรุงเทพมหานคร
วัดบ้านทุ่ง,กรุงเทพมหานคร
วัดปากบ่อ,กรุงเทพมหานคร
วัดมหาบุศย์,กรุงเทพมหานคร
วัดยาง,กรุงเทพมหานคร
วัดแก้วไพฑูรย์,กรุงเทพมหานคร
วัดไทร,กรุงเทพมหานคร
วัดบางประทุนนอก,กรุงเทพมหานคร
วัดสิงห์,กรุงเทพมหานคร
วัดนางนอง,กรุงเทพมหานคร
วัดมงคลวราราม,กรุงเทพมหานคร
วัดราชโอรสาราม,กรุงเทพมหานคร
วัดศาลาครืน,กรุงเทพมหานคร
วัดหนัง,กรุงเทพมหานคร
วัดโพธิทอง,กรุงเทพมหานคร
วัดยายร่ม,กรุงเทพมหานคร
วัดสีสุก,กรุงเทพมหานคร
วัดนาคนิมิตรราษฎร์บำรุง,กรุงเทพมหานคร
วัดบางขุนเทียนกลาง,กรุงเทพมหานคร
วัดบางขุนเทียนนอก,กรุงเทพมหานคร
วัดบางขุนเทียนใน,กรุงเทพมหานคร
วัดโพธิ์แก้ว,กรุงเทพมหานคร
วัดคลองบ้านใหม่,กรุงเทพมหานคร
วัดดอนเมือง,กรุงเทพมหานคร
วัดเทพนิมิตต์,กรุงเทพมหานคร
วัดพรหมรังษี,กรุงเทพมหานคร
วัดเวฬุวนาราม,กรุงเทพมหานคร
วัดสายอำพันธ์เอมสาร,กรุงเทพมหานคร
วัดสีกัน,กรุงเทพมหานคร
วัดอภัยทายาราม,กรุงเทพมหานคร
วัดดิสหงษาราม,กรุงเทพมหานคร
วัดทัศนารุณสุนทริการาม,กรุงเทพมหานคร
วัดลาดพร้าว,กรุงเทพมหานคร
วัดสาครสุ่นประชาสรรค์,กรุงเทพมหานคร
วัดลาดปลาเค้า,กรุงเทพมหานคร
วัดภาษี,กรุงเทพมหานคร
วัดบุณยประดิษฐ์,กรุงเทพมหานคร
วัดพรหมสุวรรณสามัคคี,กรุงเทพมหานคร
วัดศาลาแดง,กรุงเทพมหานคร
วัดม่วง,กรุงเทพมหานคร
วัดหลักสี่,กรุงเทพมหานคร
วัดเจริญธรรมาราม,กรุงเทพมหานคร
วัดหนองใหญ่,กรุงเทพมหานคร
วัดโคกจ้าหล่า,กรุงเทพมหานคร
วัดพรพระร่วงประสิทธิ,กรุงเทพมหานคร
วัดพรพระร่วงประสิทธิ์,กรุงเทพมหานคร
วัดอยู่ดีบำรุงธรรม,กรุงเทพมหานคร
วัดเกาะสุวรรณาราม,กรุงเทพมหานคร
วัดราษฎร์นิยมธรรม,กรุงเทพมหานคร
วัดอมราวราราม,กรุงเทพมหานคร
วัดคลองครุ,กรุงเทพมหานคร
วัดบุญศรีมุนีกรณ์,กรุงเทพมหานคร
วัดราษฎร์ศรัทธาธรรม,กรุงเทพมหานคร
วัดลาดบัวขาว,กรุงเทพมหานคร
วัดสามัคคีธรรม,กรุงเทพมหานคร
วัดแป้นทองโสภาราม,กรุงเทพมหานคร
วัดพระยาสุเรนทร์,กรุงเทพมหานคร
วัดลำกะดาน,กรุงเทพมหานคร
วัดศรีสุขสถาพรราษฎรศรัทธาธรรม,กรุงเทพมหานคร
วัดศรีสุขสถาพรราษฎร์ศรัทธาธรรม,กรุงเทพมหานคร
วัดสุขใจ,กรุงเทพมหานคร
วัดสุทธิสะอาด,กรุงเทพมหานคร
วัดบ้านกลาง,กรุงเทพมหานคร
วัดคู้บอน,กรุงเทพมหานคร
วัดจินดิตวิหาร,กรุงเทพมหานคร
วัดบัวแก้วศรัทธาธรรม,กรุงเทพมหานคร
วัดบางนานอก,กรุงเทพมหานคร
วัดบางนาใน,กรุงเทพมหานคร
วัดศรีเอี่ยม,กรุงเทพมหานคร
วัดพิกุล,กรุงเทพมหานคร
วัดวิศิษฏ์บุญญาวาส,กรุงเทพมหานคร
วัดศิริวัฒนาราม,กรุงเทพมหานคร
วัดสุทธิจิตตาราม,กรุงเทพมหานคร
วัดโกมุทพุทธรังสี,กรุงเทพมหานคร
วัดปุรณาวาส,กรุงเทพมหานคร
วัดบางมด,กรุงเทพมหานคร
วัดบางมดโสธราราม,กรุงเทพมหานคร
วัดหลวงพ่อโอภาสี (บางมด),กรุงเทพมหานคร
วัดหลวงพ่อโอภาสี,กรุงเทพมหานคร
วัดทุ่งครุ,กรุงเทพมหานคร
วัดนินสุขาราม,กรุงเทพมหานคร
วัดบางบอน,กรุงเทพมหานคร
วัดโพธิ์พุฒตาล,กรุงเทพมหานคร
วัดน้อยวิสุทธาราม,กรุงเทพมหานคร
วัดกลาง,สมุทรปราการ
วัดในสองวิหาร,สมุทรปราการ
วัดพิชัยสงคราม,สมุทรปราการ
วัดด่านสำโรง,สมุทรปราการ
วัดบางปิ้ง,สมุทรปราการ
วัดมหาวงษ์,สมุทรปราการ
วัดชัยมงคล,สมุทรปราการ
วัดโพธิยาราม,สมุทรปราการ
วัดราษฎร์โพธิ์ทอง,สมุทรปราการ
วัดโสธรนิมิตต์,สมุทรปราการ
วัดตำหรุ,สมุทรปราการ
วัดศรีจันทร์ประดิษฐ์,สมุทรปราการ
วัดแพรกษา,สมุทรปราการ
วัดบางโปรง,สมุทรปราการ
วัดราษฎร์บำรุง,สมุทรปราการ
วัดศรีจันทาราม,สมุทรปราการ
วัดแสงธรรมบุราราม,สมุทรปราการ
วัดบางด้วนนอก,สมุทรปราการ
วัดบางด้วนใน,สมุทรปราการ
วัดบางนางเกรง,สมุทรปราการ
วัดไตรสามัคคี,สมุทรปราการ
วัดพุทธภาวนาราม,สมุทรปราการ
วัดน้อยสุวรรณาราม,สมุทรปราการ
วัดคอลาด,สมุทรปราการ
วัดบางบ่อ,สมุทรปราการ
วัดสุคันธาวาส,สมุทรปราการ
วัดบางนางเพ็ง,สมุทรปราการ
วัดบ้านระกาศ,สมุทรปราการ
วัดเกาะแก้ว,สมุทรปราการ
วัดนาคราช,สมุทรปราการ
วัดบางพลีน้อย,สมุทรปราการ
วัดหอมศีล,สมุทรปราการ
วัดโคธาราม,สมุทรปราการ
วัดบางเพรียง,สมุทรปราการ
วัดลาดหวาย,สมุทรปราการ
วัดเจริญวราราม,สมุทรปราการ
วัดแจ่มราษฎร์ศรัทธาธรรม,สมุทรปราการ
วัดท้องคุ้ง,สมุทรปราการ
วัดปานประสิทธาราม,สมุทรปราการ
วัดมงคลโคธาวาส,สมุทรปราการ
วัดสร่างโศก,สมุทรปราการ
วัดสว่างอารมณ์,สมุทรปราการ
วัดกาหลง,สมุทรปราการ
วัดเปร็งราษฎร์บำรุง,สมุทรปราการ
วัดนิยมยาตรา,สมุทรปราการ
วัดคลองชวดลากข้าว,สมุทรปราการ
วัดบางพลีใหญ่กลาง,สมุทรปราการ
วัดบางพลีใหญ่ใน,สมุทรปราการ
วัดสลุด,สมุทรปราการ
วัดคลองปลัดเปรียง,สมุทรปราการ
วัดบางแก้ว,สมุทรปราการ
วัดหนามแดง,สมุทรปราการ
วัดราษฎร์นิยมธรรม,สมุทรปราการ
วัดราษฎร์บูรณะ,สมุทรปราการ
วัดบางโฉลงนอก,สมุทรปราการ
วัดบางโฉลงใน,สมุทรปราการ
วัดกิ่งแก้ว,สมุทรปราการ
วัดราษฎร์นิมิตศรัทธาธรรม,สมุทรปราการ
วัดแค,สมุทรปราการ
วัดจวนดำรงค์ราชพลขันธ์,สมุทรปราการ
วัดทรงธรรม,สมุทรปราการ
วัดโมกข์,สมุทรปราการ
วัดกลาง,สมุทรปราการ
วัดบางพึ่ง,สมุทรปราการ
วัดไพชยนต์พลเสพย์,สมุทรปราการ
วัดรวก,สมุทรปราการ
วัดชมนิมิตร,สมุทรปราการ
วัดชังเรือง,สมุทรปราการ
วัดครุนอก,สมุทรปราการ
วัดครุใน,สมุทรปราการ
